symbol,date,close
IREN,2026-08-10,38.74
IREN,2026-08-11,39.75
IREN,2026-08-12,43.67
IREN,2026-08-13,44.76
IREN,2026-08-14,44.06
IREN,2026-08-17,44.9
IREN,2026-08-18,42.0
IREN,2026-08-19,42.84
IREN,2026-08-20,42.6
IREN,2026-08-21,41.88
IREN,2026-08-24,39.81
IREN,2026-08-25,42.21
IREN,2026-08-26,39.58
IREN,2026-08-27,40.53
IREN,2026-08-28,35.45
IREN,2026-08-31,37.115
IREN,2026-09-01,36.82
IREN,2026-09-02,39.6
IREN,2026-09-03,41.65
IREN,2026-09-04,44.68
IREN,2026-09-08,46.93
IREN,2026-09-09,45.37
IREN,2026-09-10,43.64
IREN,2026-09-11,43.83
IREN,2026-09-14,43.17
IREN,2026-09-15,41.58
IREN,2026-09-16,42.62
IREN,2026-09-17,43.48
IREN,2026-09-18,46.68
IREN,2026-09-21,47.23
IREN,2026-09-22,48.55
IREN,2026-09-23,47.05
IREN,2026-09-24,46.15
IREN,2026-09-25,44.125
IREN,2026-09-28,41.72
IREN,2026-09-29,41.38
CLSK,2026-08-10,11.59
CLSK,2026-08-11,11.52
CLSK,2026-08-12,12.18
CLSK,2026-08-13,11.52
CLSK,2026-08-14,12.09
CLSK,2026-08-17,12.4
CLSK,2026-08-18,11.73
CLSK,2026-08-19,11.67
CLSK,2026-08-20,12.6
CLSK,2026-08-21,11.98
CLSK,2026-08-24,11.93
CLSK,2026-08-25,12.75
CLSK,2026-08-26,12.18
CLSK,2026-08-27,12.95
CLSK,2026-08-28,11.66
CLSK,2026-08-31,11.62
CLSK,2026-09-01,11.06
CLSK,2026-09-02,11.33
CLSK,2026-09-03,12.58
CLSK,2026-09-04,12.69
CLSK,2026-09-08,13.48
CLSK,2026-09-09,13.28
CLSK,2026-09-10,12.8
CLSK,2026-09-11,13.67
CLSK,2026-09-14,13.27
CLSK,2026-09-15,12.62
CLSK,2026-09-16,12.79
CLSK,2026-09-17,13.35
CLSK,2026-09-18,14.47
CLSK,2026-09-21,14.76
CLSK,2026-09-22,15.14
CLSK,2026-09-23,14.46
CLSK,2026-09-24,14.26
CLSK,2026-09-25,13.95
CLSK,2026-09-28,13.34
CLSK,2026-09-29,13.31
NBIS,2026-08-10,184.11
NBIS,2026-08-11,193.23
NBIS,2026-08-12,259.2
NBIS,2026-08-13,255.04
NBIS,2026-08-14,277.68
NBIS,2026-08-17,268.85
NBIS,2026-08-18,248.43
NBIS,2026-08-19,223.9
NBIS,2026-08-20,220.11
NBIS,2026-08-21,219.13
NBIS,2026-08-24,210.91
NBIS,2026-08-25,221.97
NBIS,2026-08-26,213.93
NBIS,2026-08-27,218.48
NBIS,2026-08-28,209.18
NBIS,2026-08-31,206.32
NBIS,2026-09-01,199.54
NBIS,2026-09-02,204.09
NBIS,2026-09-03,210.63
NBIS,2026-09-04,226.39
NBIS,2026-09-08,243.88
NBIS,2026-09-09,240.35
NBIS,2026-09-10,228.11
NBIS,2026-09-11,224.55
NBIS,2026-09-14,212.19
NBIS,2026-09-15,207.37
NBIS,2026-09-16,209.37
NBIS,2026-09-17,217.99
NBIS,2026-09-18,223.54
NBIS,2026-09-21,232.8
NBIS,2026-09-22,236.12
NBIS,2026-09-23,226.61
NBIS,2026-09-24,243.48
NBIS,2026-09-25,237.33
NBIS,2026-09-28,231.88
NBIS,2026-09-29,237.355
APLD,2026-08-10,29.06
APLD,2026-08-11,29.69
APLD,2026-08-12,31.15
APLD,2026-08-13,30.62
APLD,2026-08-14,31.305
APLD,2026-08-17,31.18
APLD,2026-08-18,28.51
APLD,2026-08-19,28.23
APLD,2026-08-20,28.65
APLD,2026-08-21,27.21
APLD,2026-08-24,26.89
APLD,2026-08-25,28.85
APLD,2026-08-26,26.87
APLD,2026-08-27,27.44
APLD,2026-08-28,25.34
APLD,2026-08-31,25.41
APLD,2026-09-01,24.29
APLD,2026-09-02,24.91
APLD,2026-09-03,25.91
APLD,2026-09-04,26.37
APLD,2026-09-08,28.31
APLD,2026-09-09,27.14
APLD,2026-09-10,25.78
APLD,2026-09-11,26.42
APLD,2026-09-14,24.58
APLD,2026-09-15,23.42
APLD,2026-09-16,24.39
APLD,2026-09-17,26.38
APLD,2026-09-18,28.12
APLD,2026-09-21,28.19
APLD,2026-09-22,28.54
APLD,2026-09-23,27.23
APLD,2026-09-24,27.06
APLD,2026-09-25,26.25
APLD,2026-09-28,24.53
APLD,2026-09-29,25.41
CRWV,2026-08-10,88.19
CRWV,2026-08-11,90.32
CRWV,2026-08-12,107.73
CRWV,2026-08-13,106.29
CRWV,2026-08-14,105.26
CRWV,2026-08-17,106.0
CRWV,2026-08-18,93.17
CRWV,2026-08-19,90.87
CRWV,2026-08-20,89.76
CRWV,2026-08-21,87.85
CRWV,2026-08-24,86.25
CRWV,2026-08-25,88.04
CRWV,2026-08-26,88.01
CRWV,2026-08-27,86.8
CRWV,2026-08-28,84.23
CRWV,2026-08-31,84.89
CRWV,2026-09-01,81.85
CRWV,2026-09-02,80.93
CRWV,2026-09-03,84.56
CRWV,2026-09-04,89.36
CRWV,2026-09-08,99.83
CRWV,2026-09-09,94.94
CRWV,2026-09-10,89.12
CRWV,2026-09-11,88.99
CRWV,2026-09-14,82.98
CRWV,2026-09-15,80.92
CRWV,2026-09-16,83.35
CRWV,2026-09-17,79.88
CRWV,2026-09-18,81.36
CRWV,2026-09-21,85.43
CRWV,2026-09-22,86.76
CRWV,2026-09-23,86.9
CRWV,2026-09-24,90.13
CRWV,2026-09-25,87.59
CRWV,2026-09-28,85.07
CRWV,2026-09-29,85.93
BTDR,2026-08-10,8.695
BTDR,2026-08-11,8.69
BTDR,2026-08-12,9.02
BTDR,2026-08-13,8.76
BTDR,2026-08-14,9.13
BTDR,2026-08-17,9.39
BTDR,2026-08-18,9.0
BTDR,2026-08-19,9.63
BTDR,2026-08-20,10.43
BTDR,2026-08-21,11.37
BTDR,2026-08-24,10.91
BTDR,2026-08-25,11.29
BTDR,2026-08-26,10.67
BTDR,2026-08-27,11.33
BTDR,2026-08-28,10.32
BTDR,2026-08-31,10.85
BTDR,2026-09-01,10.35
BTDR,2026-09-02,10.74
BTDR,2026-09-03,11.91
BTDR,2026-09-04,12.38
BTDR,2026-09-08,12.67
BTDR,2026-09-09,12.33
BTDR,2026-09-10,11.53
BTDR,2026-09-11,11.96
BTDR,2026-09-14,11.66
BTDR,2026-09-15,10.91
BTDR,2026-09-16,11.03
BTDR,2026-09-17,11.24
BTDR,2026-09-18,12.97
BTDR,2026-09-21,13.14
BTDR,2026-09-22,13.1
BTDR,2026-09-23,12.31
BTDR,2026-09-24,12.15
BTDR,2026-09-25,11.51
BTDR,2026-09-28,11.03
BTDR,2026-09-29,10.9
DRAM,2026-08-10,49.6
DRAM,2026-08-11,50.89
DRAM,2026-08-12,54.8
DRAM,2026-08-13,56.93
DRAM,2026-08-14,57.32
DRAM,2026-08-17,60.39
DRAM,2026-08-18,55.1
DRAM,2026-08-19,55.14
DRAM,2026-08-20,57.58
DRAM,2026-08-21,57.68
DRAM,2026-08-24,54.28
DRAM,2026-08-25,56.24
DRAM,2026-08-26,56.39
DRAM,2026-08-27,56.83
DRAM,2026-08-28,55.83
DRAM,2026-08-31,56.9
DRAM,2026-09-01,55.06
DRAM,2026-09-02,56.21
DRAM,2026-09-03,55.99
DRAM,2026-09-04,59.69
DRAM,2026-09-08,61.1
DRAM,2026-09-09,61.58
DRAM,2026-09-10,58.56
DRAM,2026-09-11,59.1
DRAM,2026-09-14,54.8
DRAM,2026-09-15,55.01
DRAM,2026-09-16,55.33
DRAM,2026-09-17,57.78
DRAM,2026-09-18,59.61
DRAM,2026-09-21,61.58
DRAM,2026-09-22,63.62
DRAM,2026-09-23,61.9
DRAM,2026-09-24,60.72
DRAM,2026-09-25,61.91
DRAM,2026-09-28,59.7
DRAM,2026-09-29,61.29
SNDK,2026-08-10,1237.92
SNDK,2026-08-11,1271.05
SNDK,2026-08-12,1344.29
SNDK,2026-08-13,1528.11
SNDK,2026-08-14,1641.73
SNDK,2026-08-17,1786.85
SNDK,2026-08-18,1625.78
SNDK,2026-08-19,1568.87
SNDK,2026-08-20,1600.62
SNDK,2026-08-21,1596.08
SNDK,2026-08-24,1493.12
SNDK,2026-08-25,1480.77
SNDK,2026-08-26,1499.37
SNDK,2026-08-27,1484.95
SNDK,2026-08-28,1484.98
SNDK,2026-08-31,1566.7
SNDK,2026-09-01,1536.87
SNDK,2026-09-02,1553.4
SNDK,2026-09-03,1554.99
SNDK,2026-09-04,1740.0
SNDK,2026-09-08,1737.99
SNDK,2026-09-09,1764.17
SNDK,2026-09-10,1692.59
SNDK,2026-09-11,1633.35
SNDK,2026-09-14,1551.99
SNDK,2026-09-15,1530.895
SNDK,2026-09-16,1519.97
SNDK,2026-09-17,1614.39
SNDK,2026-09-18,1791.82
SNDK,2026-09-21,1766.64
SNDK,2026-09-22,1887.04
SNDK,2026-09-23,1816.57
SNDK,2026-09-24,1753.62
SNDK,2026-09-25,1777.8
SNDK,2026-09-28,1712.89
SNDK,2026-09-29,1729.76
SHAZ,2026-08-10,52.7
SHAZ,2026-08-11,56.58
SHAZ,2026-08-12,68.46
SHAZ,2026-08-13,72.02
SHAZ,2026-08-14,76.68
SHAZ,2026-08-17,76.9
SHAZ,2026-08-18,68.78
SHAZ,2026-08-19,65.45
SHAZ,2026-08-20,60.85
SHAZ,2026-08-21,59.07
SHAZ,2026-08-24,58.38
SHAZ,2026-08-25,60.97
SHAZ,2026-08-26,59.59
SHAZ,2026-08-27,59.21
SHAZ,2026-08-28,52.37
SHAZ,2026-08-31,54.86
SHAZ,2026-09-01,52.64
SHAZ,2026-09-02,54.29
SHAZ,2026-09-03,54.97
SHAZ,2026-09-04,55.94
SHAZ,2026-09-08,57.63
SHAZ,2026-09-09,56.75
SHAZ,2026-09-10,56.57
SHAZ,2026-09-11,59.41
SHAZ,2026-09-14,51.91
SHAZ,2026-09-15,49.99
SHAZ,2026-09-16,52.21
SHAZ,2026-09-17,56.725
SHAZ,2026-09-18,57.56
SHAZ,2026-09-21,59.93
SHAZ,2026-09-22,63.21
SHAZ,2026-09-23,57.73
SHAZ,2026-09-24,56.4
SHAZ,2026-09-25,54.68
SHAZ,2026-09-28,52.91
SHAZ,2026-09-29,54.17
TE,2026-08-10,5.31
TE,2026-08-11,5.47
TE,2026-08-12,4.9
TE,2026-08-13,4.79
TE,2026-08-14,5.11
TE,2026-08-17,4.88
TE,2026-08-18,4.65
TE,2026-08-19,4.55
TE,2026-08-20,4.36
TE,2026-08-21,4.42
TE,2026-08-24,4.32
TE,2026-08-25,4.65
TE,2026-08-26,4.51
TE,2026-08-27,4.96
TE,2026-08-28,4.79
TE,2026-08-31,4.45
TE,2026-09-01,4.28
TE,2026-09-02,4.27
TE,2026-09-03,4.54
TE,2026-09-04,4.6
TE,2026-09-08,5.06
TE,2026-09-09,4.91
TE,2026-09-10,4.58
TE,2026-09-11,4.61
TE,2026-09-14,4.37
TE,2026-09-15,4.3
TE,2026-09-16,4.09
TE,2026-09-17,4.3
TE,2026-09-18,4.17
TE,2026-09-21,4.45
TE,2026-09-22,4.36
TE,2026-09-23,4.04
TE,2026-09-24,3.81
TE,2026-09-25,3.78
TE,2026-09-28,3.57
TE,2026-09-29,3.77
