symbol,date,close,high,low
SPY,2026-08-10,773.03,775.05,771.62
SPY,2026-08-11,770.56,774.61,769.20
SPY,2026-08-12,772.49,774.90,771.28
SPY,2026-08-13,777.88,779.37,774.111
SPY,2026-08-14,776.34,778.80,775.4301
SPY,2026-08-17,772.67,776.775,772.51
SPY,2026-08-18,767.45,769.50,766.92
SPY,2026-08-19,769.06,772.47,768.10
SPY,2026-08-20,762.60,768.15,762.04
SPY,2026-08-21,765.72,767.85,764.17
SPY,2026-08-24,763.47,765.22,762.08
SPY,2026-08-25,765.91,766.78,763.0501
SPY,2026-08-26,766.08,767.35,763.93
SPY,2026-08-27,771.10,772.355,767.16
SPY,2026-08-28,769.35,775.30,768.3076
SPY,2026-08-31,767.05,767.995,764.715
SPY,2026-09-01,761.78,764.67,759.48
SPY,2026-09-02,765.16,766.43,761.73
SPY,2026-09-03,773.17,774.03,767.45
SPY,2026-09-04,770.19,772.87,769.00
SPY,2026-09-08,765.96,769.70,765.14
SPY,2026-09-09,762.40,764.47,760.94
SPY,2026-09-10,757.83,760.11,756.64
SPY,2026-09-11,764.29,766.38,763.60
SPY,2026-09-14,760.88,763.52,757.93
SPY,2026-09-15,757.39,760.35,756.15
SPY,2026-09-16,754.05,761.67,749.60
SPY,2026-09-17,762.60,763.57,759.96
SPY,2026-09-18,761.69,762.00,757.971
SPY,2026-09-21,773.50,774.89,766.03
SPY,2026-09-22,773.38,775.14,772.57
SPY,2026-09-23,767.81,773.05,766.50
SPY,2026-09-24,767.18,768.95,763.245
SPY,2026-09-25,771.35,772.28,766.29
SPY,2026-09-28,765.61,769.54,763.715
SPY,2026-09-29,764.20,766.98,762.35
QQQ,2026-08-10,720.87,724.67,720.33
QQQ,2026-08-11,718.45,723.35,715.50
QQQ,2026-08-12,723.70,727.25,722.92
QQQ,2026-08-13,732.07,733.96,724.03
QQQ,2026-08-14,731.07,734.39,728.32
QQQ,2026-08-17,729.87,734.58,729.27
QQQ,2026-08-18,717.51,722.13,715.92
QQQ,2026-08-19,716.08,721.4999,712.61
QQQ,2026-08-20,710.93,714.94,708.52
QQQ,2026-08-21,713.44,715.6738,709.20
QQQ,2026-08-24,706.32,709.79,702.70
QQQ,2026-08-25,710.72,714.04,707.45
QQQ,2026-08-26,711.37,713.02,707.97
QQQ,2026-08-27,721.11,721.35,714.525
QQQ,2026-08-28,716.43,724.125,715.085
QQQ,2026-08-31,716.76,717.58,713.16
QQQ,2026-09-01,707.64,712.30,704.66
QQQ,2026-09-02,709.24,709.7988,705.10
QQQ,2026-09-03,717.67,718.915,709.69
QQQ,2026-09-04,718.96,721.86,716.56
QQQ,2026-09-08,718.36,721.886,715.57
QQQ,2026-09-09,716.31,719.70,714.02
QQQ,2026-09-10,708.69,712.06,706.855
QQQ,2026-09-11,714.88,717.63,713.63
QQQ,2026-09-14,709.18,712.95,702.74
QQQ,2026-09-15,704.54,709.5299,703.635
QQQ,2026-09-16,704.72,711.88,700.00
QQQ,2026-09-17,716.92,718.0401,713.32
QQQ,2026-09-18,721.45,721.73,715.08
QQQ,2026-09-21,741.47,743.22,727.81
QQQ,2026-09-22,747.46,748.349,740.93
QQQ,2026-09-23,741.21,747.13,738.191
QQQ,2026-09-24,741.10,742.66,734.62
QQQ,2026-09-25,744.50,745.915,739.64
QQQ,2026-09-28,736.53,741.42,731.63
QQQ,2026-09-29,737.93,740.5799,735.34
IWM,2026-08-10,299.98,301.39,299.08
IWM,2026-08-11,300.99,301.99,300.60
IWM,2026-08-12,302.71,303.41,301.00
IWM,2026-08-13,303.50,305.05,302.72
IWM,2026-08-14,305.09,305.18,302.74
IWM,2026-08-17,304.06,304.33,303.23
IWM,2026-08-18,300.23,303.15,300.11
IWM,2026-08-19,301.72,303.4105,301.23
IWM,2026-08-20,297.67,300.04,297.04
IWM,2026-08-21,299.96,300.33,298.17
IWM,2026-08-24,297.97,299.74,297.40
IWM,2026-08-25,299.23,299.78,297.97
IWM,2026-08-26,298.93,299.95,298.13
IWM,2026-08-27,299.81,300.315,298.14
IWM,2026-08-28,295.75,300.39,295.67
IWM,2026-08-31,293.93,295.35,292.705
IWM,2026-09-01,290.57,292.94,289.97
IWM,2026-09-02,294.01,294.35,291.19
IWM,2026-09-03,295.19,296.18,293.43
IWM,2026-09-04,296.01,296.18,293.56
IWM,2026-09-08,294.67,296.10,294.26
IWM,2026-09-09,290.64,294.155,290.31
IWM,2026-09-10,287.70,289.83,287.18
IWM,2026-09-11,288.89,291.44,288.77
IWM,2026-09-14,287.91,289.84,287.055
IWM,2026-09-15,285.14,286.93,284.08
IWM,2026-09-16,283.92,287.04,281.03
IWM,2026-09-17,285.43,288.29,285.21
IWM,2026-09-18,284.10,285.27,282.54
IWM,2026-09-21,285.58,286.45,284.90
IWM,2026-09-22,287.21,288.94,286.05
IWM,2026-09-23,281.92,286.18,281.84
IWM,2026-09-24,281.66,282.24,279.045
IWM,2026-09-25,281.97,283.52,280.455
IWM,2026-09-28,280.02,281.93,278.80
IWM,2026-09-29,279.01,281.05,277.41
HYG,2026-08-10,79.48,79.57,79.41
HYG,2026-08-11,79.51,79.57,79.49
HYG,2026-08-12,79.61,79.66,79.59
HYG,2026-08-13,79.79,79.86,79.68
HYG,2026-08-14,79.71,79.82,79.66
HYG,2026-08-17,79.61,79.71,79.59
HYG,2026-08-18,79.53,79.575,79.47
HYG,2026-08-19,79.71,79.74,79.64
HYG,2026-08-20,79.56,79.625,79.48
HYG,2026-08-21,79.61,79.66,79.55
HYG,2026-08-24,79.70,79.71,79.5826
HYG,2026-08-25,79.92,79.94,79.76
HYG,2026-08-26,79.90,79.91,79.78
HYG,2026-08-27,79.87,79.97,79.82
HYG,2026-08-28,79.74,79.95,79.66
HYG,2026-08-31,79.81,79.81,79.63
HYG,2026-09-01,79.10,79.30,79.06
HYG,2026-09-02,79.11,79.23,79.10
HYG,2026-09-03,79.21,79.30,79.165
HYG,2026-09-04,79.16,79.24,79.15
HYG,2026-09-08,79.12,79.2407,79.10
HYG,2026-09-09,78.98,79.11,78.975
HYG,2026-09-10,78.62,78.82,78.61
HYG,2026-09-11,78.60,78.86,78.60
HYG,2026-09-14,78.53,78.64,78.41
HYG,2026-09-15,78.38,78.51,78.38
HYG,2026-09-16,78.42,78.71,78.36
HYG,2026-09-17,78.72,78.75,78.655
HYG,2026-09-18,78.53,78.65,78.48
HYG,2026-09-21,78.68,78.75,78.62
HYG,2026-09-22,78.67,78.745,78.60
HYG,2026-09-23,78.10,78.59,78.07
HYG,2026-09-24,77.89,78.15,77.8544
HYG,2026-09-25,77.86,77.93,77.67
HYG,2026-09-28,77.54,77.65,77.42
HYG,2026-09-29,77.36,77.61,77.16
LQD,2026-08-10,105.96,106.33,105.93
LQD,2026-08-11,105.99,106.28,105.96
LQD,2026-08-12,106.12,106.3913,106.09
LQD,2026-08-13,106.55,106.855,106.505
LQD,2026-08-14,106.12,106.44,106.02
LQD,2026-08-17,105.70,106.015,105.67
LQD,2026-08-18,105.84,105.905,105.42
LQD,2026-08-19,106.57,106.63,106.285
LQD,2026-08-20,106.06,106.295,105.96
LQD,2026-08-21,105.92,106.0199,105.815
LQD,2026-08-24,106.18,106.325,106.10
LQD,2026-08-25,106.86,106.885,106.51
LQD,2026-08-26,106.78,106.80,106.5901
LQD,2026-08-27,106.73,106.855,106.625
LQD,2026-08-28,106.35,106.95,106.305
LQD,2026-08-31,106.21,106.24,106.01
LQD,2026-09-01,105.22,105.715,105.21
LQD,2026-09-02,105.35,105.42,105.20
LQD,2026-09-03,105.50,105.765,105.465
LQD,2026-09-04,105.48,105.68,105.47
LQD,2026-09-08,105.48,105.73,105.32
LQD,2026-09-09,105.31,105.53,105.08
LQD,2026-09-10,104.36,104.83,104.325
LQD,2026-09-11,104.32,104.865,104.31
LQD,2026-09-14,104.30,104.65,104.05
LQD,2026-09-15,104.28,104.335,104.15
LQD,2026-09-16,104.45,105.07,104.385
LQD,2026-09-17,105.16,105.16,104.895
LQD,2026-09-18,104.70,104.815,104.5401
LQD,2026-09-21,105.09,105.11,104.89
LQD,2026-09-22,105.09,105.185,104.885
LQD,2026-09-23,103.89,104.91,103.68
LQD,2026-09-24,103.15,103.985,103.11
LQD,2026-09-25,103.21,103.27,102.735
LQD,2026-09-28,102.47,102.70,102.184
LQD,2026-09-29,102.41,102.60,102.04
