date,BOOK_close,n_names
2021-08-17,97.524763,4
2021-08-18,96.829943,4
2021-08-19,95.173848,4
2021-08-20,95.125215,4
2021-08-23,98.238502,4
2021-08-24,100.285417,4
2021-08-25,99.790414,4
2021-08-26,100.194606,4
2021-08-27,103.811258,4
2021-08-30,104.286601,4
2021-08-31,108.589281,4
2021-09-01,109.705502,4
2021-09-02,109.835813,4
2021-09-03,111.276797,4
2021-09-07,109.280684,4
2021-09-08,108.904634,4
2021-09-09,110.445458,4
2021-09-10,111.204540,4
2021-09-13,113.205370,4
2021-09-14,112.791877,4
2021-09-15,112.649131,4
2021-09-16,112.099923,4
2021-09-17,112.048331,4
2021-09-20,108.959199,4
2021-09-21,108.549054,4
2021-09-22,109.496909,4
2021-09-23,111.566349,4
2021-09-24,110.251497,4
2021-09-27,112.980940,4
2021-09-28,108.888336,4
2021-09-29,109.335284,4
2021-09-30,109.902994,4
2021-10-01,110.766783,4
2021-10-04,105.248869,4
2021-10-05,109.509483,4
2021-10-06,110.544167,4
2021-10-07,112.043204,4
2021-10-08,112.681100,4
2021-10-11,111.008175,4
2021-10-12,110.111990,4
2021-10-13,110.680785,4
2021-10-14,110.995710,4
2021-10-15,110.395417,4
2021-10-18,111.634996,4
2021-10-19,112.447288,4
2021-10-20,111.999523,4
2021-10-21,111.644383,4
2021-10-22,110.283322,4
2021-10-25,113.567238,4
2021-10-26,112.452983,4
2021-10-27,114.357024,4
2021-10-28,122.206687,4
2021-10-29,121.683942,4
2021-11-01,122.660145,4
2021-11-02,123.821178,4
2021-11-03,125.630648,4
2021-11-04,126.268963,4
2021-11-05,127.264256,4
2021-11-08,129.296386,4
2021-11-09,126.203699,4
2021-11-10,121.945190,4
2021-11-11,124.407257,4
2021-11-12,122.985838,4
2021-11-15,123.076007,4
2021-11-16,121.580125,4
2021-11-17,122.433094,4
2021-11-18,119.808048,5
2021-11-19,121.497852,5
2021-11-22,110.869905,5
2021-11-23,110.627137,5
2021-11-24,108.052975,5
2021-11-26,102.855178,5
2021-11-29,104.661868,5
2021-11-30,102.979032,5
2021-12-01,101.733288,5
2021-12-02,99.305147,5
2021-12-03,93.658475,5
2021-12-06,92.551699,5
2021-12-07,94.357885,5
2021-12-08,93.556706,5
2021-12-09,90.118185,5
2021-12-10,87.884493,5
2021-12-13,84.275536,5
2021-12-14,83.294320,5
2021-12-15,84.408030,5
2021-12-16,85.363418,5
2021-12-17,90.792739,5
2021-12-20,87.795462,5
2021-12-21,90.554941,5
2021-12-22,88.278288,5
2021-12-23,88.352620,5
2021-12-27,87.290388,5
2021-12-28,87.579757,5
2021-12-29,85.547250,5
2021-12-30,87.597581,5
2021-12-31,85.490976,5
2022-01-03,84.338355,5
2022-01-04,80.491126,5
2022-01-05,75.613557,5
2022-01-06,74.347923,5
2022-01-07,72.692041,5
2022-01-10,72.065525,5
2022-01-11,76.039617,5
2022-01-12,77.146136,5
2022-01-13,72.608846,5
2022-01-14,71.331837,5
2022-01-18,65.810990,5
2022-01-19,66.196612,5
2022-01-20,65.482509,5
2022-01-21,59.126408,5
2022-01-24,57.322140,5
2022-01-25,57.946543,5
2022-01-26,58.763898,5
2022-01-27,57.730599,5
2022-01-28,60.611707,5
2022-01-31,67.699940,5
2022-02-01,69.622720,5
2022-02-02,66.609582,5
2022-02-03,64.354964,5
2022-02-04,66.132918,5
2022-02-07,69.147872,5
2022-02-08,70.646373,5
2022-02-09,73.161915,5
2022-02-10,74.584089,5
2022-02-11,68.315858,5
2022-02-14,68.070794,5
2022-02-15,76.181200,5
2022-02-16,77.952136,5
2022-02-17,71.731345,5
2022-02-18,67.052001,5
2022-02-22,62.730383,5
2022-02-23,56.511075,5
2022-02-24,42.953753,5
2022-02-25,41.708666,5
2022-02-28,42.716387,5
2022-03-01,42.752402,5
2022-03-02,43.098799,5
2022-03-03,42.130228,5
2022-03-04,41.503374,5
2022-03-07,41.469421,5
2022-03-08,42.416916,5
2022-03-09,43.951863,5
2022-03-10,44.888260,5
2022-03-11,44.013615,5
2022-03-14,42.360178,5
2022-03-15,41.529489,5
2022-03-16,42.343622,5
2022-03-17,42.681177,5
2022-03-18,41.907212,5
2022-03-21,41.729424,5
2022-03-22,42.999309,5
2022-03-23,43.251213,5
2022-03-24,42.933140,5
2022-03-25,43.187703,5
2022-03-28,42.991213,5
2022-03-29,44.436331,5
2022-03-30,44.520836,5
2022-03-31,44.452570,5
2022-04-01,44.703939,5
2022-04-04,44.884633,5
2022-04-05,43.962009,5
2022-04-06,42.876514,5
2022-04-07,42.586085,5
2022-04-08,41.965680,5
2022-04-11,41.327248,5
2022-04-12,40.925608,5
2022-04-13,41.447008,5
2022-04-14,40.451980,5
2022-04-18,39.203964,5
2022-04-19,39.333027,5
2022-04-20,38.962180,5
2022-04-21,38.099545,5
2022-04-22,37.884153,5
2022-04-25,38.476200,5
2022-04-26,36.806560,5
2022-04-27,36.557451,5
2022-04-28,36.626907,5
2022-04-29,35.112776,5
2022-05-02,35.690106,5
2022-05-03,36.311919,5
2022-05-04,37.360640,5
2022-05-05,36.484659,5
2022-05-06,35.878280,5
2022-05-09,34.055868,5
2022-05-10,33.066529,5
2022-05-11,31.686237,5
2022-05-12,31.352849,5
2022-05-13,33.526431,5
2022-05-16,29.406872,5
2022-05-17,31.274860,5
2022-05-18,30.550362,5
2022-05-19,32.220283,5
2022-05-20,31.441120,5
2022-05-23,30.623443,5
2022-05-24,29.434208,5
2022-05-25,29.946562,5
2022-05-26,30.744201,5
2022-05-27,30.999162,5
2022-05-31,31.209977,5
2022-06-01,30.676015,5
2022-06-02,31.252092,5
2022-06-03,30.249444,5
2022-06-06,30.503376,5
2022-06-07,30.025369,5
2022-06-08,30.026576,5
2022-06-09,29.066100,5
2022-06-10,28.725613,5
2022-06-13,27.071931,5
2022-06-14,26.733575,5
2022-06-15,26.765312,6
2022-06-16,26.623774,6
2022-06-17,26.828597,6
2022-06-21,26.832551,6
2022-06-22,26.152031,6
2022-06-23,25.630425,6
2022-06-24,25.837577,6
2022-06-27,26.063928,6
2022-06-28,25.477883,6
2022-06-29,25.465227,6
2022-06-30,25.571464,6
2022-07-01,25.891688,6
2022-07-05,25.876273,6
2022-07-06,25.515201,6
2022-07-07,26.729137,6
2022-07-08,26.946769,6
2022-07-11,26.278320,6
2022-07-12,25.444660,6
2022-07-13,25.169907,6
2022-07-14,25.007118,6
2022-07-15,25.711935,6
2022-07-18,25.659727,6
2022-07-19,28.725028,6
2022-07-20,30.426326,6
2022-07-21,30.289624,6
2022-07-22,29.099176,6
2022-07-25,28.295310,6
2022-07-26,27.926560,6
2022-07-27,29.446803,6
2022-07-28,29.745684,6
2022-07-29,29.533037,6
2022-08-01,30.056867,6
2022-08-02,30.357106,6
2022-08-03,31.734627,6
2022-08-04,30.808876,6
2022-08-05,31.236855,6
2022-08-08,32.694460,6
2022-08-09,32.253686,6
2022-08-10,33.663383,6
2022-08-11,34.199876,6
2022-08-12,34.153093,6
2022-08-15,34.176722,6
2022-08-16,33.624428,6
2022-08-17,32.487218,6
2022-08-18,32.950319,6
2022-08-19,31.434065,6
2022-08-22,31.156634,6
2022-08-23,31.476286,6
2022-08-24,31.514365,6
2022-08-25,31.567087,6
2022-08-26,31.333303,6
2022-08-29,31.170283,6
2022-08-30,31.352436,6
2022-08-31,30.747939,6
2022-09-01,30.066936,6
2022-09-02,30.186361,6
2022-09-06,29.955610,6
2022-09-07,30.597996,6
2022-09-08,30.438250,6
2022-09-09,31.679653,6
2022-09-12,31.974070,6
2022-09-13,30.610342,6
2022-09-14,30.987722,6
2022-09-15,30.743522,6
2022-09-16,31.646958,6
2022-09-19,30.221153,6
2022-09-20,29.556981,6
2022-09-21,29.364037,6
2022-09-22,29.055913,6
2022-09-23,27.881034,6
2022-09-26,27.615539,6
2022-09-27,28.221467,6
2022-09-28,28.635710,6
2022-09-29,28.148288,6
2022-09-30,28.989475,6
2022-10-03,28.953978,6
2022-10-04,29.822311,6
2022-10-05,29.759935,6
2022-10-06,29.431815,6
2022-10-07,27.880607,6
2022-10-10,27.588132,6
2022-10-11,27.516291,6
2022-10-12,27.787100,6
2022-10-13,28.421471,6
2022-10-14,27.695055,6
2022-10-17,28.465840,6
2022-10-18,28.124861,6
2022-10-19,27.754660,6
2022-10-20,27.205920,6
2022-10-21,27.055059,6
2022-10-24,26.863763,6
2022-10-25,28.515618,6
2022-10-26,29.065469,6
2022-10-27,28.619372,6
2022-10-28,28.863984,6
2022-10-31,28.638749,6
2022-11-01,28.539527,6
2022-11-02,27.160115,6
2022-11-03,26.360567,6
2022-11-04,27.199131,6
2022-11-07,27.391210,6
2022-11-08,26.308775,6
2022-11-09,24.530511,6
2022-11-10,25.568817,6
2022-11-11,27.316342,6
2022-11-14,26.271298,6
2022-11-15,26.164859,6
2022-11-16,25.460687,6
2022-11-17,24.567169,6
2022-11-18,24.008767,6
2022-11-21,22.559160,6
2022-11-22,22.622249,6
2022-11-23,23.374779,6
2022-11-25,23.349259,6
2022-11-28,22.393464,6
2022-11-29,22.120737,6
2022-11-30,22.312573,6
2022-12-01,22.437343,6
2022-12-02,22.538474,6
2022-12-05,22.422637,6
2022-12-06,21.835806,6
2022-12-07,21.137214,6
2022-12-08,21.077265,6
2022-12-09,21.124594,6
2022-12-12,21.486327,6
2022-12-13,21.061807,6
2022-12-14,21.296440,6
2022-12-15,20.657900,6
2022-12-16,20.842695,6
2022-12-19,20.339692,6
2022-12-20,20.818298,6
2022-12-21,20.884874,6
2022-12-22,20.230097,6
2022-12-23,20.410769,6
2022-12-27,20.072238,6
2022-12-28,19.445952,6
2022-12-29,19.916908,6
2022-12-30,20.586731,6
2023-01-03,20.293100,6
2023-01-04,20.868637,6
2023-01-05,20.920693,6
2023-01-06,20.864833,6
2023-01-09,21.422370,6
2023-01-10,22.871192,6
2023-01-11,22.420705,6
2023-01-12,23.365544,6
2023-01-13,23.765429,6
2023-01-17,24.362281,6
2023-01-18,24.242618,6
2023-01-19,24.058080,6
2023-01-20,24.538083,6
2023-01-23,25.175867,6
2023-01-24,25.348498,6
2023-01-25,25.075734,6
2023-01-26,25.327954,6
2023-01-27,25.685999,6
2023-01-30,25.582192,6
2023-01-31,25.911193,6
2023-02-01,26.192201,6
2023-02-02,27.348620,6
2023-02-03,26.642166,6
2023-02-06,26.481572,6
2023-02-07,26.410330,6
2023-02-08,26.189737,6
2023-02-09,25.073845,6
2023-02-10,24.601960,6
2023-02-13,25.611777,6
2023-02-14,26.947208,6
2023-02-15,30.966420,6
2023-02-16,30.453806,6
2023-02-17,29.864232,6
2023-02-21,28.415123,6
2023-02-22,28.212853,6
2023-02-23,27.659412,6
2023-02-24,26.761922,6
2023-02-27,26.753529,6
2023-02-28,26.815333,6
2023-03-01,26.624495,6
2023-03-02,25.891891,6
2023-03-03,26.292288,6
2023-03-06,26.052920,6
2023-03-07,26.052593,6
2023-03-08,25.348622,6
2023-03-09,24.348018,6
2023-03-10,24.460376,6
2023-03-13,24.873853,6
2023-03-14,25.173353,6
2023-03-15,25.094961,6
2023-03-16,25.725753,6
2023-03-17,25.876470,6
2023-03-20,26.083175,6
2023-03-21,27.301984,6
2023-03-22,26.121641,6
2023-03-23,26.732482,6
2023-03-24,26.013773,6
2023-03-27,25.496431,6
2023-03-28,25.551904,6
2023-03-29,26.435568,6
2023-03-30,26.596657,6
2023-03-31,26.924423,6
2023-04-03,26.793528,6
2023-04-04,26.369515,6
2023-04-05,25.835730,6
2023-04-06,26.685945,6
2023-04-10,27.797799,6
2023-04-11,29.757764,6
2023-04-12,29.534885,6
2023-04-13,31.434050,6
2023-04-14,31.535966,7
2023-04-17,31.431751,7
2023-04-18,31.951230,7
2023-04-19,31.008615,7
2023-04-20,29.798057,7
2023-04-21,29.857510,7
2023-04-24,29.824661,7
2023-04-25,29.580997,7
2023-04-26,30.280693,7
2023-04-27,30.491096,7
2023-04-28,30.064940,7
2023-05-01,28.980942,7
2023-05-02,29.618274,7
2023-05-03,29.052173,7
2023-05-04,29.047665,7
2023-05-05,29.686009,7
2023-05-08,28.785708,7
2023-05-09,29.838979,7
2023-05-10,30.623307,7
2023-05-11,29.151012,7
2023-05-12,28.999716,7
2023-05-15,30.216305,7
2023-05-16,31.905589,7
2023-05-17,32.764101,7
2023-05-18,32.483814,7
2023-05-19,32.956492,7
2023-05-22,33.274804,7
2023-05-23,32.628565,7
2023-05-24,32.974381,7
2023-05-25,32.193238,7
2023-05-26,31.825382,7
2023-05-30,32.970151,7
2023-05-31,32.208937,7
2023-06-01,32.670474,7
2023-06-02,32.368636,7
2023-06-05,31.506682,7
2023-06-06,32.467922,7
2023-06-07,31.906994,7
2023-06-08,32.423675,7
2023-06-09,31.955922,7
2023-06-12,32.782241,7
2023-06-13,32.879660,7
2023-06-14,32.669460,7
2023-06-15,32.542539,7
2023-06-16,33.230906,7
2023-06-20,35.100407,7
2023-06-21,35.138669,7
2023-06-22,36.284072,7
2023-06-23,35.541849,7
2023-06-26,35.067321,7
2023-06-27,34.904076,7
2023-06-28,34.733247,7
2023-06-29,36.232119,7
2023-06-30,36.494199,7
2023-07-03,38.909215,7
2023-07-05,38.958890,7
2023-07-06,38.713640,7
2023-07-07,40.294351,7
2023-07-10,41.173349,7
2023-07-11,40.810482,7
2023-07-12,40.792733,7
2023-07-13,42.635968,7
2023-07-14,41.150611,7
2023-07-17,41.083535,7
2023-07-18,40.475304,7
2023-07-19,41.696068,7
2023-07-20,40.012446,7
2023-07-21,39.913804,7
2023-07-24,40.029180,7
2023-07-25,40.513564,7
2023-07-26,40.762996,7
2023-07-27,39.820846,7
2023-07-28,40.053951,7
2023-07-31,40.425982,7
2023-08-01,39.528744,7
2023-08-02,38.697670,7
2023-08-03,37.880367,7
2023-08-04,37.193965,7
2023-08-07,36.899050,7
2023-08-08,37.421428,7
2023-08-09,36.766852,7
2023-08-10,37.009039,7
2023-08-11,37.997849,7
2023-08-14,37.352846,7
2023-08-15,36.655440,7
2023-08-16,36.244193,7
2023-08-17,35.108365,7
2023-08-18,34.478861,7
2023-08-21,34.119995,7
2023-08-22,33.944135,7
2023-08-23,34.891887,7
2023-08-24,33.870902,7
2023-08-25,33.668332,7
2023-08-28,33.830804,7
2023-08-29,36.053363,7
2023-08-30,36.309726,7
2023-08-31,35.095845,7
2023-09-01,34.105348,7
2023-09-05,33.727935,7
2023-09-06,33.887218,7
2023-09-07,33.454807,7
2023-09-08,33.617385,7
2023-09-11,32.471240,7
2023-09-12,33.032365,7
2023-09-13,32.932469,7
2023-09-14,34.256707,7
2023-09-15,33.435824,7
2023-09-18,33.651168,7
2023-09-19,33.310969,7
2023-09-20,32.677233,7
2023-09-21,31.908154,7
2023-09-22,31.680318,7
2023-09-25,31.540057,7
2023-09-26,30.894136,7
2023-09-27,31.301177,7
2023-09-28,31.830999,7
2023-09-29,31.569947,7
2023-10-02,31.267475,7
2023-10-03,29.665668,7
2023-10-04,29.983615,7
2023-10-05,29.234829,7
2023-10-06,30.008890,7
2023-10-09,29.173940,7
2023-10-10,29.648358,7
2023-10-11,29.065874,7
2023-10-12,28.542805,7
2023-10-13,28.005818,7
2023-10-16,28.839023,7
2023-10-17,29.463351,7
2023-10-18,28.083832,7
2023-10-19,27.844204,7
2023-10-20,27.592753,7
2023-10-23,27.870777,7
2023-10-24,28.863089,7
2023-10-25,28.582929,7
2023-10-26,27.589298,7
2023-10-27,28.017664,7
2023-10-30,27.378116,7
2023-10-31,27.770987,7
2023-11-01,27.761899,7
2023-11-02,29.213358,7
2023-11-03,29.359588,7
2023-11-06,28.863891,7
2023-11-07,28.726756,7
2023-11-08,27.762498,7
2023-11-09,26.646997,7
2023-11-10,26.363214,7
2023-11-13,26.066749,7
2023-11-14,26.488861,7
2023-11-15,26.880800,7
2023-11-16,26.052233,7
2023-11-17,25.847968,7
2023-11-20,26.911348,7
2023-11-21,26.546160,7
2023-11-22,27.309353,7
2023-11-24,28.494783,7
2023-11-27,28.757713,7
2023-11-28,30.224186,7
2023-11-29,31.132842,7
2023-11-30,31.097464,7
2023-12-01,33.188243,7
2023-12-04,33.778429,7
2023-12-05,34.121782,7
2023-12-06,34.134265,7
2023-12-07,34.745694,7
2023-12-08,35.855488,7
2023-12-11,33.535490,7
2023-12-12,33.651457,7
2023-12-13,35.493328,7
2023-12-14,36.194695,7
2023-12-15,36.448820,7
2023-12-18,36.463706,7
2023-12-19,36.169095,7
2023-12-20,35.760645,7
2023-12-21,39.296860,7
2023-12-22,40.588822,7
2023-12-26,41.317147,7
2023-12-27,43.083419,7
2023-12-28,41.762923,7
2023-12-29,38.556610,7
2024-01-02,38.049690,7
2024-01-03,37.350962,7
2024-01-04,37.958324,7
2024-01-05,36.962138,7
2024-01-08,37.838612,7
2024-01-09,37.496438,7
2024-01-10,37.582286,7
2024-01-11,36.382568,7
2024-01-12,34.276066,7
2024-01-16,32.480444,7
2024-01-17,31.919395,7
2024-01-18,30.872410,7
2024-01-19,30.788985,7
2024-01-22,30.978587,7
2024-01-23,30.627264,7
2024-01-24,30.180942,7
2024-01-25,30.751780,7
2024-01-26,31.453038,8
2024-01-29,32.626317,8
2024-01-30,32.208522,8
2024-01-31,31.036860,8
2024-02-01,30.700879,8
2024-02-02,30.422765,8
2024-02-05,29.507703,8
2024-02-06,30.548500,8
2024-02-07,31.464697,8
2024-02-08,34.021372,8
2024-02-09,36.169442,8
2024-02-12,37.860609,8
2024-02-13,37.006015,8
2024-02-14,39.501205,8
2024-02-15,38.663882,8
2024-02-16,37.462113,8
2024-02-20,37.198779,8
2024-02-21,36.229229,8
2024-02-22,36.400840,8
2024-02-23,35.327415,8
2024-02-26,37.500142,8
2024-02-27,37.445670,8
2024-02-28,35.983474,8
2024-02-29,35.072356,8
2024-03-01,35.633390,8
2024-03-04,34.866805,8
2024-03-05,33.622738,8
2024-03-06,34.400990,8
2024-03-07,34.645096,8
2024-03-08,35.543660,8
2024-03-11,33.946433,8
2024-03-12,33.652575,8
2024-03-13,33.975387,8
2024-03-14,32.820443,8
2024-03-15,33.652628,8
2024-03-18,33.311301,8
2024-03-19,33.040695,8
2024-03-20,36.040617,8
2024-03-21,35.982498,8
2024-03-22,34.350739,8
2024-03-25,35.841470,8
2024-03-26,35.757671,8
2024-03-27,35.443382,8
2024-03-28,35.269186,8
2024-04-01,36.332605,8
2024-04-02,34.988113,8
2024-04-03,33.968592,8
2024-04-04,34.215435,8
2024-04-05,33.596117,8
2024-04-08,33.620255,8
2024-04-09,32.619358,8
2024-04-10,32.479991,8
2024-04-11,32.754754,8
2024-04-12,31.440189,8
2024-04-15,30.543847,8
2024-04-16,30.296443,8
2024-04-17,30.526680,8
2024-04-18,31.016598,8
2024-04-19,31.716371,8
2024-04-22,33.242749,8
2024-04-23,33.846124,8
2024-04-24,33.228837,8
2024-04-25,33.127707,8
2024-04-26,32.937274,8
2024-04-29,31.887432,8
2024-04-30,30.851422,8
2024-05-01,31.115541,8
2024-05-02,31.627938,8
2024-05-03,32.040744,8
2024-05-06,33.391440,8
2024-05-07,32.592291,8
2024-05-08,33.000360,8
2024-05-09,33.202382,8
2024-05-10,32.353671,8
2024-05-13,32.622843,8
2024-05-14,32.754337,8
2024-05-15,33.884868,8
2024-05-16,34.563166,8
2024-05-17,35.195481,8
2024-05-20,36.435931,8
2024-05-21,37.595730,8
2024-05-22,38.269720,8
2024-05-23,36.963726,8
2024-05-24,38.698237,8
2024-05-28,38.889874,8
2024-05-29,38.244680,8
2024-05-30,37.530257,8
2024-05-31,37.956608,8
2024-06-03,37.809094,8
2024-06-04,39.337567,8
2024-06-05,40.058747,8
2024-06-06,41.373324,8
2024-06-07,40.985165,8
2024-06-10,40.309112,8
2024-06-11,42.075292,8
2024-06-12,43.393549,8
2024-06-13,44.268642,8
2024-06-14,44.132283,8
2024-06-17,45.979326,8
2024-06-18,45.259458,8
2024-06-20,45.995658,8
2024-06-21,44.735908,8
2024-06-24,44.486665,8
2024-06-25,45.028325,8
2024-06-26,44.097531,8
2024-06-27,43.957369,8
2024-06-28,43.354854,8
2024-07-01,45.236552,8
2024-07-02,46.468031,8
2024-07-03,46.731572,8
2024-07-05,47.289792,8
2024-07-08,47.101778,8
2024-07-09,44.040119,8
2024-07-10,44.413458,8
2024-07-11,43.004276,8
2024-07-12,44.633736,8
2024-07-15,45.474170,8
2024-07-16,46.180721,8
2024-07-17,44.353627,8
2024-07-18,42.321746,8
2024-07-19,43.698536,8
2024-07-22,43.870417,8
2024-07-23,42.767704,8
2024-07-24,41.210233,8
2024-07-25,40.286904,8
2024-07-26,40.653740,8
2024-07-29,40.386167,8
2024-07-30,39.499691,8
2024-07-31,41.199320,8
2024-08-01,39.605159,8
2024-08-02,37.983515,8
2024-08-05,37.057840,8
2024-08-06,37.003235,8
2024-08-07,34.805607,8
2024-08-08,36.474295,8
2024-08-09,35.721325,8
2024-08-12,35.682336,8
2024-08-13,35.638171,8
2024-08-14,35.270355,8
2024-08-15,35.449622,8
2024-08-16,36.144865,8
2024-08-19,36.643497,8
2024-08-20,36.368748,8
2024-08-21,38.359859,7
2024-08-22,36.588491,7
2024-08-23,39.446706,7
2024-08-26,39.019668,8
2024-08-27,38.291091,8
2024-08-28,37.122617,8
2024-08-29,37.807324,8
2024-08-30,36.882193,8
2024-09-03,34.430065,8
2024-09-04,34.225178,8
2024-09-05,36.197159,8
2024-09-06,34.719958,8
2024-09-09,37.279597,8
2024-09-10,38.038001,8
2024-09-11,37.685785,8
2024-09-12,37.661806,8
2024-09-13,37.997700,8
2024-09-16,37.989157,8
2024-09-17,38.436225,8
2024-09-18,38.193314,8
2024-09-19,37.932764,8
2024-09-20,37.838768,8
2024-09-23,38.800836,8
2024-09-24,40.413062,8
2024-09-25,40.461085,8
2024-09-26,41.639159,8
2024-09-27,41.500616,8
2024-09-30,40.461339,8
2024-10-01,39.091577,8
2024-10-02,39.385153,8
2024-10-03,39.206267,8
2024-10-04,40.258833,8
2024-10-07,39.521570,8
2024-10-08,39.472241,8
2024-10-09,38.439383,8
2024-10-10,37.908139,8
2024-10-11,39.213924,8
2024-10-14,40.731692,8
2024-10-15,40.834552,8
2024-10-16,42.341607,8
2024-10-17,41.662200,8
2024-10-18,42.871629,8
2024-10-21,44.403280,8
2024-10-22,42.667308,8
2024-10-23,39.682895,8
2024-10-24,40.674423,8
2024-10-25,42.484365,8
2024-10-28,49.561642,8
2024-10-29,48.691068,8
2024-10-30,46.210883,8
2024-10-31,43.111271,8
2024-11-01,41.531888,8
2024-11-04,40.924209,8
2024-11-05,40.382162,8
2024-11-06,45.146066,8
2024-11-07,48.299038,8
2024-11-08,46.781000,8
2024-11-11,51.461857,8
2024-11-12,49.273338,8
2024-11-13,45.573734,8
2024-11-14,44.214115,8
2024-11-15,44.121550,8
2024-11-18,45.184326,8
2024-11-19,48.969015,8
2024-11-20,48.270115,8
2024-11-21,49.549170,8
2024-11-22,53.408635,8
2024-11-25,53.340554,8
2024-11-26,49.455159,8
2024-11-27,52.112001,8
2024-11-29,54.521174,8
2024-12-02,57.528474,8
2024-12-03,61.473759,8
2024-12-04,66.272600,8
2024-12-05,65.006595,8
2024-12-06,73.401262,8
2024-12-09,66.406089,8
2024-12-10,65.701319,8
2024-12-11,65.014690,8
2024-12-12,63.632176,8
2024-12-13,62.496894,8
2024-12-16,67.085309,8
2024-12-17,62.607295,8
2024-12-18,57.263129,8
2024-12-19,55.587864,8
2024-12-20,56.506255,8
2024-12-23,57.823441,8
2024-12-24,59.732117,8
2024-12-26,59.316007,8
2024-12-27,56.854393,8
2024-12-30,54.612542,8
2024-12-31,54.639044,8
2025-01-02,58.670721,8
2025-01-03,62.631065,8
2025-01-06,63.569486,8
2025-01-07,62.247998,8
2025-01-08,59.242402,8
2025-01-10,61.484117,8
2025-01-13,62.178105,8
2025-01-14,64.978453,8
2025-01-15,66.476769,8
2025-01-16,67.632029,8
2025-01-17,67.166581,8
2025-01-21,66.839643,8
2025-01-22,69.487242,8
2025-01-23,69.223498,8
2025-01-24,72.935172,8
2025-01-27,51.320182,8
2025-01-28,55.009103,8
2025-01-29,54.896695,8
2025-01-30,58.211464,8
2025-01-31,58.473513,8
2025-02-03,59.761970,8
2025-02-04,61.073066,8
2025-02-05,61.085611,8
2025-02-06,62.249514,8
2025-02-07,66.643157,8
2025-02-10,69.730164,8
2025-02-11,68.132924,8
2025-02-12,67.338655,8
2025-02-13,70.237096,8
2025-02-14,73.706520,8
2025-02-18,76.389392,8
2025-02-19,73.831791,8
2025-02-20,74.334676,8
2025-02-21,66.342216,8
2025-02-24,61.336604,9
2025-02-25,56.203803,9
2025-02-26,57.000509,9
2025-02-27,53.037583,9
2025-02-28,54.678296,9
2025-03-03,49.992097,9
2025-03-04,50.801332,9
2025-03-05,52.910812,9
2025-03-06,48.652326,9
2025-03-07,50.819621,9
2025-03-10,47.070559,9
2025-03-11,47.421293,9
2025-03-12,49.559749,9
2025-03-13,46.518183,9
2025-03-14,50.823289,9
2025-03-17,51.213571,9
2025-03-18,47.690568,9
2025-03-19,50.559945,9
2025-03-20,49.159368,9
2025-03-21,49.014201,9
2025-03-24,52.771547,9
2025-03-25,50.126551,9
2025-03-26,46.314404,9
2025-03-27,46.126521,9
2025-03-28,41.894308,9
2025-03-31,40.213464,10
2025-04-01,44.557045,10
2025-04-02,47.129449,10
2025-04-03,41.605437,10
2025-04-04,37.916283,10
2025-04-07,39.084131,10
2025-04-08,36.726281,10
2025-04-09,41.833632,10
2025-04-10,37.487385,10
2025-04-11,38.598996,10
2025-04-14,38.522042,10
2025-04-15,36.543802,10
2025-04-16,36.746282,10
2025-04-17,36.815747,10
2025-04-21,35.471407,10
2025-04-22,37.937971,10
2025-04-23,39.321197,10
2025-04-24,41.332046,10
2025-04-25,41.882615,10
2025-04-28,41.256580,10
2025-04-29,40.977375,10
2025-04-30,39.671229,10
2025-05-01,41.932315,10
2025-05-02,44.506260,10
2025-05-05,42.628945,10
2025-05-06,44.101637,10
2025-05-07,45.883602,10
2025-05-08,47.923470,10
2025-05-09,48.028272,10
2025-05-12,53.194157,10
2025-05-13,56.202595,10
2025-05-14,57.147376,10
2025-05-15,55.438813,10
2025-05-16,59.803722,10
2025-05-19,60.321504,10
2025-05-20,61.790832,10
2025-05-21,63.092239,10
2025-05-22,62.479620,10
2025-05-23,62.662797,10
2025-05-27,66.014964,10
2025-05-28,64.361134,10
2025-05-29,61.897580,10
2025-05-30,60.669864,10
2025-06-02,63.096104,10
2025-06-03,66.917989,10
2025-06-04,71.620021,10
2025-06-05,72.342350,10
2025-06-06,76.277512,10
2025-06-09,81.739051,10
2025-06-10,81.242399,10
2025-06-11,78.860396,10
2025-06-12,78.699687,10
2025-06-13,75.522321,10
2025-06-16,80.204690,10
2025-06-17,77.776700,10
2025-06-18,78.334304,10
2025-06-20,79.221252,10
2025-06-23,78.093083,10
2025-06-24,82.200937,10
2025-06-25,79.871826,10
2025-06-26,84.330840,10
2025-06-27,84.553270,10
2025-06-30,86.944449,10
2025-07-01,83.880383,10
2025-07-02,85.976092,10
2025-07-03,88.328609,10
2025-07-07,85.051358,10
2025-07-08,84.013772,10
2025-07-09,84.082444,10
2025-07-10,83.336271,10
2025-07-11,79.788889,10
2025-07-14,85.356413,10
2025-07-15,86.567032,10
2025-07-16,87.142031,10
2025-07-17,88.067779,10
2025-07-18,87.246609,10
2025-07-21,86.681770,10
2025-07-22,87.018954,10
2025-07-23,87.788895,10
2025-07-24,86.468708,10
2025-07-25,84.639894,10
2025-07-28,83.645068,10
2025-07-29,81.046408,10
2025-07-30,80.967135,10
2025-07-31,85.323392,10
2025-08-01,80.886736,10
2025-08-04,84.739751,10
2025-08-05,86.278115,10
2025-08-06,87.757618,10
2025-08-07,93.865387,10
2025-08-08,97.058917,10
2025-08-11,97.858805,10
2025-08-12,102.802189,10
2025-08-13,97.550426,10
2025-08-14,94.925773,10
2025-08-15,96.512491,10
2025-08-18,99.264253,10
2025-08-19,92.921005,10
2025-08-20,93.596220,10
2025-08-21,93.195941,10
2025-08-22,97.540193,10
2025-08-25,98.924186,10
2025-08-26,99.417387,10
2025-08-27,100.037498,10
2025-08-28,103.100291,10
2025-08-29,103.826726,10
2025-09-02,102.421830,10
2025-09-03,100.827462,10
2025-09-04,100.368801,10
2025-09-05,102.353110,10
2025-09-08,102.730207,10
2025-09-09,124.097748,10
2025-09-10,130.068102,10
2025-09-11,129.463841,10
2025-09-12,132.668946,10
2025-09-15,137.297551,10
2025-09-16,136.888569,10
2025-09-17,141.730700,10
2025-09-18,143.337306,10
2025-09-19,149.338002,10
2025-09-22,159.788165,10
2025-09-23,159.759441,10
2025-09-24,165.965857,10
2025-09-25,159.200326,10
2025-09-26,154.665247,10
2025-09-29,164.248972,10
2025-09-30,168.056275,10
2025-10-01,173.729530,10
2025-10-02,180.772073,10
2025-10-03,185.808311,10
2025-10-06,189.617136,10
2025-10-07,186.759021,10
2025-10-08,193.699942,10
2025-10-09,205.209255,10
2025-10-10,198.337160,10
2025-10-13,209.841852,10
2025-10-14,207.789240,10
2025-10-15,215.932191,10
2025-10-16,208.199148,10
2025-10-17,197.489856,10
2025-10-20,195.517479,10
2025-10-21,186.727098,10
2025-10-22,176.897788,10
2025-10-23,188.615556,10
2025-10-24,205.327385,10
2025-10-27,212.662337,10
2025-10-28,207.739584,10
2025-10-29,213.246051,10
2025-10-30,207.185477,10
2025-10-31,214.112018,10
2025-11-03,209.665159,10
2025-11-04,197.021307,10
2025-11-05,210.577838,10
2025-11-06,195.352401,10
2025-11-07,197.599041,10
2025-11-10,198.345446,10
2025-11-11,184.040030,10
2025-11-12,175.184950,10
2025-11-13,157.684693,10
2025-11-14,152.856673,10
2025-11-17,154.467257,10
2025-11-18,156.279342,10
2025-11-19,156.460804,10
2025-11-20,141.369608,10
2025-11-21,140.786767,10
2025-11-24,156.535863,10
2025-11-25,153.508073,10
2025-11-26,160.917830,10
2025-11-28,164.005192,10
2025-12-01,167.603674,10
2025-12-02,159.875631,10
2025-12-03,163.819898,10
2025-12-04,173.387438,10
2025-12-05,171.154991,10
2025-12-08,173.529476,10
2025-12-09,173.676471,10
2025-12-10,168.816958,10
2025-12-11,169.806363,10
2025-12-12,154.569896,10
2025-12-15,141.025642,10
2025-12-16,142.469339,10
2025-12-17,134.028175,10
2025-12-18,140.343753,10
2025-12-19,159.415689,10
2025-12-22,164.880327,10
2025-12-23,160.552266,10
2025-12-24,161.019257,10
2025-12-26,155.182277,10
2025-12-29,152.792926,10
2025-12-30,150.268965,10
2025-12-31,148.394376,10
2026-01-02,164.780974,10
2026-01-05,171.582698,10
2026-01-06,179.962137,10
2026-01-07,174.929265,10
2026-01-08,176.589648,10
2026-01-09,183.101688,10
2026-01-12,197.175289,10
2026-01-13,197.652530,10
2026-01-14,197.136212,10
2026-01-15,199.671814,10
2026-01-16,211.329187,10
2026-01-20,201.200153,10
2026-01-21,202.010106,10
2026-01-22,199.741436,10
2026-01-23,201.604520,10
2026-01-26,195.732236,10
2026-01-27,212.708740,10
2026-01-28,217.916190,10
2026-01-29,207.963450,10
2026-01-30,193.422513,10
2026-02-02,197.772159,10
2026-02-03,202.911705,10
2026-02-04,179.365187,10
2026-02-05,161.728587,10
2026-02-06,184.679619,10
2026-02-09,195.655185,10
2026-02-10,189.018694,10
2026-02-11,187.485988,10
2026-02-12,185.606264,10
2026-02-13,193.111016,10
2026-02-17,187.447594,10
2026-02-18,192.161350,10
2026-02-19,197.277367,10
2026-02-20,187.634057,11
2026-02-23,191.957564,11
2026-02-24,196.857201,11
2026-02-25,195.582553,11
2026-02-26,192.759052,11
2026-02-27,173.183912,11
2026-03-02,166.804241,11
2026-03-03,154.022751,11
2026-03-04,169.617510,11
2026-03-05,163.146247,11
2026-03-06,155.450036,11
2026-03-09,161.235835,11
2026-03-10,166.454719,11
2026-03-11,178.307711,11
2026-03-12,173.465191,11
2026-03-13,182.827289,11
2026-03-16,199.073203,11
2026-03-17,191.043720,11
2026-03-18,194.378308,11
2026-03-19,194.798167,11
2026-03-20,186.695474,11
2026-03-23,187.370280,11
2026-03-24,186.439238,11
2026-03-25,189.031588,11
2026-03-26,175.328650,11
2026-03-27,167.491977,11
2026-03-30,154.500147,11
2026-03-31,167.913570,11
2026-04-01,176.714427,11
2026-04-02,180.535497,11
2026-04-06,183.417197,12
2026-04-07,186.056570,12
2026-04-08,195.939759,12
2026-04-09,208.472035,12
2026-04-10,216.667976,12
2026-04-13,232.595210,12
2026-04-14,245.175836,12
2026-04-15,249.500951,12
2026-04-16,245.697448,12
2026-04-17,247.710418,12
2026-04-20,247.998221,12
2026-04-21,246.043972,12
2026-04-22,256.869646,12
2026-04-23,260.346212,12
2026-04-24,254.774048,12
2026-04-27,254.394970,12
2026-04-28,244.023714,12
2026-04-29,250.792139,12
2026-04-30,254.233357,12
2026-05-01,261.716993,12
2026-05-04,282.131058,12
2026-05-05,293.931463,12
2026-05-06,325.920044,12
2026-05-07,310.982580,12
2026-05-08,314.896217,12
2026-05-11,318.569555,12
2026-05-12,307.165464,12
2026-05-13,324.386286,12
2026-05-14,334.034361,12
2026-05-15,321.226861,12
2026-05-18,312.129983,12
2026-05-19,303.546352,12
2026-05-20,307.763357,12
2026-05-21,343.075156,12
2026-05-22,346.640591,12
2026-05-26,352.949506,12
2026-05-27,361.920371,12
2026-05-28,381.290637,12
2026-05-29,384.712988,12
2026-06-01,414.009366,12
2026-06-02,416.593535,12
2026-06-03,406.072265,12
2026-06-04,396.713873,12
2026-06-05,350.754873,12
2026-06-08,348.811671,12
2026-06-09,347.375926,12
2026-06-10,335.290314,12
2026-06-11,364.857538,12
2026-06-12,366.107595,12
2026-06-15,397.354463,12
2026-06-16,404.439273,12
2026-06-17,416.963935,12
2026-06-18,438.314758,12
2026-06-22,435.181585,12
2026-06-23,407.616263,12
2026-06-24,391.317876,12
2026-06-25,393.323179,12
2026-06-26,379.824227,12
2026-06-29,382.794510,12
2026-06-30,397.262221,12
2026-07-01,355.906748,12
2026-07-02,323.158474,12
2026-07-06,342.895129,12
2026-07-07,314.190479,12
2026-07-08,335.186443,12
2026-07-09,342.480546,12
2026-07-10,336.842437,12
2026-07-13,313.523967,12
2026-07-14,312.647112,12
2026-07-15,309.382114,12
2026-07-16,278.555270,12
2026-07-17,276.702039,12
2026-07-20,287.411019,12
2026-07-21,321.503412,12
2026-07-22,322.094542,12
2026-07-23,321.707398,12
2026-07-24,287.824297,12
2026-07-27,276.688579,12
2026-07-28,245.178078,12
2026-07-29,218.316130,12
2026-07-30,270.238721,12
2026-07-31,264.683722,12
2026-08-03,289.728250,12
2026-08-04,306.746818,12
2026-08-05,299.764419,12
2026-08-06,277.480278,12
2026-08-07,277.747633,12
2026-08-10,273.506092,12
2026-08-11,284.043971,12
2026-08-12,331.768509,12
